jhagart0@liveinternet.ru,
ttithacott1@gnu.org,
shamnett2@bing.com,
sixer3@xinhuanet.com,
csomerton4@wired.com,
esmelley5@earthlink.net,
ssnelgar6@toplist.cz,
mkruger7@blogs.com,
lattwooll8@miibeian.gov,
ncomi9@cafepress.com,
lshepparda@unicef.org,
mwordsleyb@businesswire.com,
mburghillc@salon.com,
tsammond@constantcontact.com,
hpreshouse@usatoday.com,
gkeighlyf@furl.net,
kbamlettg@army.mil,
hfrowenh@mtv.com,
ojehaesi@so-net.ne.jp,
epeabodyj@europa.eu,
fyakovk@vkontakte.ru,
ghobbingl@amazon.co.uk,
jchampionm@usa.gov,
mjerattn@earthlink.net,
pamotto@sciencedaily.com,
jtadmanp@bloomberg.com,
gcaterq@nasa.gov,
efolbiggr@scribd.com,
nwinskills@multiply.com,
apinket@patch.com,
rglazyeru@ebay.com,
msiviterv@ucoz.ru,
ddebruijnew@skyrock.com,
pcastagnassox@stanford.edu,
agalleyy@vinaora.com,
aevez@theguardian.com,
dolunny10@oaic.gov,
ahudel11@jigsy.com,
ohodjetts12@microsoft.com,
jmckeachie13@hp.com,
tharston14@gnu.org,
dmcnea15@wunderground.com,
gcocher16@about.me,
gcargenven17@statcounter.com,
miglesia18@twitter.com,
jbebbington19@amazon.co.jp,
ejakobssen1a@jigsy.com,
fgiraldo1b@bing.com,
cgayforth1c@webeden.co.uk,
amingardo1d@eventbrite.com,
jyesipov1e@wordpress.org,
adicks1f@timesonline.co.uk,
hmcquade1g@mapquest.com,
mfrosdick1h@soundcloud.com,
bhartness1i@howstuffworks.com,
tbenne1j@freewebs.com,
dmedcraft1k@un.org,
dhanrott1l@biblegateway.com,
atomenson1m@barnesandnoble.com,
tterney1n@yale.edu,
hgianasi1o@ovh.net,
bpeepall1p@hhs.gov,
dhalfpenny1q@merriam-webster.com,
mmcgrale1r@jiathis.com,
rlynas1s@weather.com,
jishak1t@hostgator.com,
dpopplewell1u@chron.com,
jcolloff1v@nsw.gov,
glanfer1w@miitbeian.gov,
ysnoday1x@so-net.ne.jp,
miacovo1y@tripod.com,
aglinde1z@ucoz.ru,
bhehir20@arizona.edu,
kpackham21@fc2.com,
battawell22@cyberchimps.com,
bbowmaker23@sun.com,
fburnett24@elpais.com,
aepinoy25@howstuffworks.com,
woty26@microsoft.com,
hdavys27@nyu.edu,
gmcfetridge28@shinystat.com,
rblumsom29@dyndns.org,
beyckelbeck2a@yellowpages.com,
tgannaway2b@craigslist.org,
loliveto2c@latimes.com,
ptidbury2d@smugmug.com,
bbeaglehole2e@wsj.com,
bhannah2f@miibeian.gov,
dcamocke2g@smugmug.com,
dstrippling2h@ameblo.jp,
ghaig2i@yahoo.co.jp,
ecartner2j@chron.com,
leatherton2k@sciencedirect.com,
gwalklott2l@tripadvisor.com,
jomullen2m@typepad.com,
gbasler2n@tumblr.com,
sfound2o@amazon.de,
abriddock2p@prlog.org,
jgothrup2q@blog.com,
lgossipin2r@webs.com,
ppiggott2s@unesco.org,
slorenzetto2t@icq.com,
vruffy2u@tiny.cc,
csiaspinski2v@dropbox.com,
sdallander2w@blog.com,
fpressland2x@abc.net,
wtibbs2y@blogtalkradio.com,
mblowick2z@a8.net,
cburridge30@123-reg.co.uk,
lskippen31@netvibes.com,
pcorringham32@nasa.gov,
kgoldney33@bbb.org,
bboyce34@bloglines.com,
fkiellor35@123-reg.co.uk,
eredwin36@blogs.com,
fnorsworthy37@cdc.gov,
zroadknight38@odnoklassniki.ru,
lmablestone39@xing.com,
tgwatkin3a@arstechnica.com,
ljansa3b@nymag.com,
ksustins3c@wiley.com,
tturbat3d@theglobeandmail.com,
lobrian3e@sohu.com,
jgrimsdyke3f@purevolume.com,
lancell3g@amazon.co.jp,
epheasey3h@jigsy.com,
kcolmer3i@nationalgeographic.com,
mgilfoyle3j@scientificamerican.com,
shek3k@salon.com,
jhellsdon3l@craigslist.org,
sleivesley3m@fastcompany.com,
mchastagnier3n@dot.gov,
cthornthwaite3o@sina.com,
rclifft3p@yandex.ru,
wgemelli3q@bravesites.com,
aellingford3r@mysql.com,
dworts3s@opera.com,
nschule3t@taobao.com,
meades3u@dailymail.co.uk,
bmacmenamie3v@va.gov,
kmargram3w@sfgate.com,
vroycroft3x@zimbio.com,
eenochsson3y@paypal.com,
msharper3z@sakura.ne.jp,
kromagnosi40@abc.net,
hpepperell41@dion.ne.jp,
cbrimson42@tinypic.com,
apalfrey43@taobao.com,
ehare44@huffingtonpost.com,
vchidzoy45@weibo.com,
kdobsons46@sina.com,
wchitter47@mtv.com,
epantin48@rambler.ru,
ctempleman49@stumbleupon.com,
dpedgrift4a@pcworld.com,
lwhistlecroft4b@samsung.com,
bstillmann4c@discuz.net,
jferrieri4d@ucsd.edu,
sglenny4e@dion.ne.jp,
leasen4f@usgs.gov,
bbibb4g@google.co.jp,
aspencock4h@com,
boxenford4i@ebay.co.uk,
rkissick4j@skype.com,
ditzkin4k@creative.com,
dcleminshaw4l@ask.com,
canthill4m@goodreads.com,
bswiffen4n@sakura.ne.jp,
pmapother4o@opensource.org,
klennard4p@paginegialle.it,,
efrunks4q@furl.net,
cskune4r@quantcast.com,
bsapey4s@about.com,
bbaversor4t@gnu.org,
jharry4u@desdev.cn,
hbentzen4v@mozilla.com,
fsancias4w@mapy.cz,
dallin4x@fda.gov,
vhaythorne4y@artisteer.com,
lwayvill4z@ow.ly,
fbeevis50@theatlantic.com,
zantill51@themeforest.net,
sdinan52@over-blog.com,
gmushet53@columbia.edu,
ibradmore54@nydailynews.com,
wtrent55@ca.gov,
swornum56@bloglines.com,
skirvell57@kickstarter.com,
pendrizzi58@hubpages.com,
mkennerley59@istockphoto.com,
gswanton5a@canalblog.com,
tdarrel5b@imgur.com,
ngibbe5c@photobucket.com,
kwoodall5d@odnoklassniki.ru,
jmcpartlin5e@chicagotribune.com,
emcgawn5f@apple.com,
swedderburn5g@miibeian.gov,
alittle5h@sciencedaily.com,
rbaignard5i@instagram.com,
tschust5j@people.com,
wstearn5k@youtu.be
kshelbourne5l@nih.gov,
bdebellis5m@mlb.com,
blokier5n@ifeng.com,
agopsill5o@themeforest.net,
atumayan5p@macromedia.com,
rdoerren5q@wikia.com,
hcoxhead5r@epa.gov,
epilkinton5s@dot.gov,
rcolling5t@sakura.ne.jp,
mreubel5u@ifeng.com,
eolyunin5v@techcrunch.com,
amorlon5w@liveinternet.ru,
ogisborne5x@bandcamp.com,
hbiddwell5y@twitter.com,
anewcom.en5z@pbs.org,
mpitt60@foxnews.com,
tmaytum61@wisc.edu,
tkidds62@ifeng.com,
lgalbraith63@go.com,
pokenden64@ebay.co.uk,
iheaslip65@lycos.com,
amcatamney66@trellian.com,
ndriscoll67@spiegel.de,
lokeefe68@gov.uk,
wwalford69@posterous.com,
oomullaney6a@chicagotribune.com,
mstayte6b@cnbc.com,
ubertwistle6c@artisteer.com,
maust6d@abc.net,
rstoves6e@meetup.com,
tyu6f@issuu.com,
ldall6g@un.org,
ctrayford6h@4shared.com,
nmilverton6i@engadget.com,
scaillou6j@imageshack.us,
bgarrity6k@dion.ne.jp,
dgillean6l@tripadvisor.com,
asamson6m@auda.org,
etomley6n@oaic.gov,
dmccoll6o@elegantthemes.com,
aclaris6p@earthlink.net,
jfairpool6q@yahoo.com,
csivior6r@exblog.jp,
sstainbridge6s@baidu.com,
tclevely6t@berkeley.edu,
vlavalde6u@hud.gov,
efife6v@walmart.com,
cjosse6w@thetimes.co.uk,
calfonzo6x@hhs.gov,
iwaddilove6y@weebly.com,
kclere6z@rakuten.co.jp,
fslator70@youtube.com,
cfearenside71@paypal.com,
oberthon72@ted.com,
kbraley73@whitehouse.gov,
dgregon74@economist.com,
ngiddens75@freewebs.com,
pelles76@dailymotion.com,
edusting77@exblog.jp,
hstrowan78@google.co.jp,
ahackleton79@thetimes.co.uk,
bpossa7a@aol.com,
aoleszkiewicz7b@newyorker.com,
hnormabell7c@naver.com,
ltrank7d@blinklist.com,
askarman7e@list-manage.com,
lnevet7f@pen.io,
srobardey7g@icio.us,
whugle7h@about.me,
llawrenceson7i@harvard.edu,
bferrick7j@youtu.be
yfeore7k@histats.com,
chamblin7l@lycos.com,
mradbourne7m@house.gov,
jbruty7n@msn.com,
pgateshill7o@live.com,
thenkens7p@tmall.com,
ggowen7q@reddit.com,
ybloys7r@nih.gov,
dpinkerton7s@huffingtonpost.com,
bdoughty7t@123-reg.co.uk,
mswinerd7u@paginegialle.it,
tutteridge7v@sphinn.com,
saggiss7w@google.cn,
jhaysham7x@blogtalkradio.com,
nmacvey7y@behance.net,
abelfelt7z@youku.com,
porrocks80@state.gov,
fclapison81@ibm.com,
biban82@oracle.com,
cbehan83@europa.eu,
gthorouggood84@taobao.com,
msacher85@freewebs.com,
wunworth86@chronoengine.com,
hdikelin87@imdb.com,
jchalfont88@vistaprint.com,
kgurner89@bluehost.com,
msellens8a@cbsnews.com,
bdedomenicis8b@java.com,
mmccaffery8c@sun.com,
lsoeiro8d@posterous.com,
malessandone8e@flavors.me,
mfitzhenry8f@sciencedirect.com,
drodell8g@typepad.com,
berik8h@blogspot.com,
ldevons8i@photobucket.com,
dmeiningen8j@webmd.com,
lcullum8k@facebook.com,
gphilippson8l@angelfire.com,
aloughran8m@unc.edu,
lmerigeau8n@cnbc.com,
jmeadmore8o@topsy.com,
melfes8p@sakura.ne.jp,
dreiling8q@businessweek.com,
candreas8r@dailymotion.com,
vcorss8s@cisco.com,
lianniello8t@phoca.cz,
hlaxson8u@seesaa.net,
mlillford8v@rakuten.co.jp,
tcatcheside8w@technorati.com,
vunsworth8x@prweb.com,
rrance8y@usnews.com,
adingwall8z@ameblo.jp,
jbales90@ocn.ne.jp,
abellfield91@bing.com,
tcoggell92@themeforest.net,
winnman93@google.com,
edabes94@wsj.com,
llazare95@chronoengine.com,
acahn96@i2i.jp,
emeade97@canalblog.com,
rskillings98@posterous.com,
hpollitt99@dyndns.org,
graraty9a@live.com,
fhurdwell9b@histats.com,
acasassa9c@weebly.com,
kcaustick9d@amazon.de,
eeve9e@youtube.com,
jshepherd9f@cnn.com,
dgrzegorek9g@businessinsider.com,
emurkitt9h@jugem.jp,
nkertess9i@pagesperso-orange.fr,
gcaser9j@phpbb.com,
brohlfs9k@chron.com,
nidle9l@fotki.com,
ppenke9m@craigslist.org,
nsimmers9n@blogs.com,
tmingardo9o@aboutads.info,
cmongeot9p@princeton.edu,
dbellin9q@uiuc.edu,
kpickle9r@artisteer.com,
egiraldon9s@un.org,
jroomes9t@loc.gov,
rladewig9u@fc2.com,
lharty9v@mlb.com,
tmcamish9w@nationalgeographic.com,
mlingfoot9x@sakura.ne.jp,
jpachmann9y@pcworld.com,
rmccaffrey9z@gizmodo.com,
kamya0@army.mil,
oalgiea1@seesaa.net,
mbalasa2@cafepress.com,
dizaca3@cbslocal.com,
lwrighta4@i2i.jp,
eroperta5@japanpost.jp,
cleathlaya6@godaddy.com,
bantunesa7@upenn.edu,
jstitsona8@hp.com,
ldowniea9@biblegateway.com,
mlebrumaa@harvard.edu,
cnormanvilleab@state.tx.us,
kborsiac@seattletimes.com,
kmooread@desdev.cn,
lgreeninae@ning.com,
ctynewellaf@wsj.com,
kalldenag@ameblo.jp,
pgallamoreah@bigcartel.com,
astedmanai@last.fm,
lkoppeckaj@cornell.edu,
slayak@live.com,
fstoresal@intel.com,
aduellam@slideshare.net,
bbrollyan@linkedin.com,
fsendleyao@nba.com,
hgilbeartap@wikipedia.org,
hfruchonaq@booking.com,
mwaldiear@usgs.gov,
eswiersas@icio.us,
lmelmethat@macromedia.com,
drollingau@walmart.com,
chaslehurstav@typepad.com,
kliveseyaw@live.com,
gmacleeseax@army.mil,
gtrittonay@freewebs.com,
fmcclureaz@about.com,
atomblingsb0@census.gov,
cackeryb1@google.com,
mstockportb2@go.com,
lgideonb3@geocities.jp,
olarkcumb4@cmu.edu,
gdisleeb5@cocolog-nifty.com,
rbellworthyb6@china.com,
rtzarkovb7@answers.com,
kwrathmallb8@surveymonkey.com,
czimmermanb9@nydailynews.com,
mdurramba@imdb.com,
alimbournebb@ftc.gov,
dfranzelbc@domainmarket.com,
hcoughanbd@vimeo.com,
aklammtbe@wp.com,
tbeathembf@altervista.org,
jgathercolebg@exblog.jp,
lstillerbh@deviantart.com,
ncarnegybi@spotify.com,
kgunthorpbj@wordpress.org,
veverleighbk@psu.edu,
lmatkinbl@auda.org,
mgatleybm@google.nl,
nlyfebn@lycos.com,
gcondonbo@shareasale.com,
lbeeckbp@columbia.edu,
yhinrichsbq@zimbio.com,
cmacconnultybr@phpbb.com,
jfoxcroftbs@narod.ru,
zbenleybt@vistaprint.com,
wurebu@about.com,
kmerwedebv@google.es
csandercroftbw@statcounter.com,
vgavaranbx@canalblog.com,
sofinanby@canalblog.com,
dchannerbz@upenn.edu,
gkimbroughc0@vk.com,
gmeriothc1@netscape.com,
wbeaufoyc2@deviantart.com,
gknapmanc3@constantcontact.com,
sgrinsteadc4@drupal.org,
hpepisc5@artisteer.com,
bwadelingc6@nationalgeographic.com,
brougec7@ameblo.jp,
mtrevorrowc8@homestead.com,
chuttleyc9@wikipedia.org,
ldaviddeca@newyorker.com,
fgraftonherbertcb@sitemeter.com,
vguietcc@123-reg.co.uk,
gnewburncd@phoca.cz,
fkeunece@pbs.org,
bbearmancf@goodreads.com,
lmeechcg@altervista.org,
fdericotch@weather.com,
goldreyci@desdev.cn,
acoumbecj@canalblog.com,
dbenck@godaddy.com,
doddeycl@cnet.com,
amabbottcm@oakley.com,
chearoncn@de.vu
pbrazenorco@abc.net,.au
llindberghcp@livejournal.com,
falesicq@prlog.org,
cjearycr@guardian.co.uk,
dcissellcs@storify.com,
mhundleyct@people.com,
lsecretancu@seesaa.net,
fhowattcv@wix.com,
gyoxallcw@mit.edu,
fwetheraldcx@oakley.com,
csypluscy@techcrunch.com,
lhatliffcz@howstuffworks.com,
ndumpletond0@pbs.org,
cdenyukind1@phoca.cz,
bcardenasd2@europa.eu,
tyablsleyd3@youku.com,
ayellowlead4@buzzfeed.com,
dduhigd5@livejournal.com,
ahooked6@cyberchimps.com,
ckurdanid7@storify.com,
tpengelleyd8@deviantart.com,
fkirtond9@diigo.com,
tpeersda@oracle.com,
otankusdb@phpbb.com,
hmarksdc@pagesperso-orange.fr,
folivellodd@ted.com,
rrauprichde@wsj.com,
ceddinsdf@vk.com,
fbeersdg@photobucket.com,
farchdeacondh@chicagotribune.com,
emaryandi@ca.gov,
pbussydj@homestead.com,
aferedk@elegantthemes.com,
mrableaudl@discuz.net,
ejacobsohndm@angelfire.com,
tguyonnetdn@time.com,
dferrickdo@ihg.com,
aguierredp@dailymotion.com,
aphilcottdq@drupal.org,
cbussensdr@usatoday.com,
hpaylieds@alibaba.com,
arupertodt@hugedomains.com,
alandesdu@accuweather.com,
lshotboultdv@loc.gov,
kerrichidw@phpbb.com,
kcrangdx@fda.gov,
mhutchindy@dell.com,
bwinningdz@mapquest.com,
bdunthorne0@telegraph.co.uk,
bcottinghame1@elpais.com,
iasmane2@webeden.co.uk,
lrouncee3@weebly.com,
shairsnapee4@unc.edu,
leyreee5@devhub.com,
rswainsone6@usatoday.com,
mlazaree7@so-net.ne.jp,
esouthertone8@uol.com,.br
nelkine9@whitehouse.gov,
kmaineea@shareasale.com,
edowelleb@dagondesign.com,
klaugheraneec@plala.or.jp,
rrainsed@psu.edu,
lpowdrillee@so-net.ne.jp,
rcaskeyef@nature.com,
bbellinghameg@sakura.ne.jp,
cllewellyneh@linkedin.com,
bhasluckei@hugedomains.com,
vclaveringej@biblegateway.com,
gerrettek@google.nl,
tvanderlindeel@pagesperso-orange.fr,
barmfirldem@theguardian.com,
llongworthyen@buzzfeed.com,
dfogartyeo@4shared.com,
arobbep@scientificamerican.com,
esarsfieldeq@mit.edu,
imellyer@wordpress.org,
reyckeles@unblog.fr,
cbehrenset@cafepress.com,
mshayloreu@t.co,
nswabeyev@linkedin.com,
mgeeringew@discovery.com,
cmabbeex@fastcom.pany.com,
lbelfittey@a8.net,
celgerez@google.cn,
aenrricof0@360.cn,
chuelinf1@bizjournals.com,
atuerenaf2@angelfire.com,
sgoodenoughf3@lycos.com,
cbremnerf4@japanpost.jp,
hcampef5@mysql.com,
jbowllerf6@ameblo.jp,
rglasperf7@ezinearticles.com,
melcouxf8@blogs.com,
ktinnerf9@github.io,
smackisonfa@timesonline.co.uk,
cswedefb@ow.ly,
lgajewskifc@usnews.com,
rbellinifd@google.cn,
aizzardfe@eepurl.com,
lblowingff@flavors.me,
wstallibrassfg@diigo.com,
cconwayfh@pinterest.com,
jlosekefi@about.me,
tmacilwrickfj@hhs.gov,
blaurentinfk@aboutads.info,
cwhittockfl@chicagotribune.com,
mreaveyfm@bing.com,
pcalderbankfn@umn.edu,
awhatleyfo@netscape.com,
samyesfp@utexas.edu,
mhouldeyfq@mapy.cz,
aromainesfr@mozilla.com,
cdicarlofs@symantec.com,
gwressellft@tumblr.com,
amatelaitisfu@pinterest.com,
famericifv@redcross.org,
lnivenfw@apple.com,
tcamellinifx@4shared.com,
vkelleherfy@reverbnation.com,
hfockefz@alibaba.com,
vcoopeyg0@trellian.com,
ocaygillg1@cloudflare.com,
aganingg2@usgs.gov,
jspoorg3@salon.com,
rgrigoreg4@apache.org,
bdonisig5@nyu.edu,
msullandg6@wisc.edu,
jbeautymang7@dmoz.org,
lmacaskieg8@cargocollective.com,
belandg9@amazon.com,
jsallowayega@taobao.com,
lbyregb@chron.com,
dglasscoegc@bbb.org,
hjecockgd@pagesperso-orange.fr,
psedgmondge@xing.com,
mcouvetgf@usatoday.com,
mjaynegg@linkedin.com,
geuplategh@house.gov,
plorrimangi@mediafire.com,
rfranciottoigj@google.it,
hswalwelgk@ameblo.jp,
alarrettgl@1und1.de,
icoupegm@reuters.com,
aboswardgn@huffingtonpost.com,
bornelesgo@engadget.com,
saronovichgp@xrea.com,
tcoynegq@google.pl,
wjonasgr@whitehouse.gov,
ehulkesgs@facebook.com,
eweatheygt@amazon.co.jp,
mdomleogu@etsy.com,
jellerygv@sbwire.com,
rmiramsgw@economist.com,
fviggarsgx@blogger.com,
hswetenhamgy@pbs.org,
agabbetisgz@privacy.gov,
kqueneh0@rakuten.co.jp,
mpadgintonh1@mit.edu,
erowath2@constantcontact.com,
tlayh3@sciencedirect.com,
coscanlanh4@narod.ru,
tlordh5@networkadvertising.org,
spoyntzh6@go.com,
smontillah7@woothemes.com,
wcurnokh8@surveymonkey.com,
dahmedh9@homestead.com,
agozneyha@jigsy.com,
pmidgleyhb@topsy.com,
dmctrustyhc@gmpg.org,
cbyromhd@ovh.net,
rgarbetthe@rakuten.co.jp,
dcrinsonhf@ibm.com,
nfoystonehg@weebly.com,
rruttgershh@list-manage.com,
dmawdsleyhi@toplist.cz,
abronothj@nytimes.com,
emaddinonhk@patch.com,
dwhitcom.bhl@diigo.com,
cmetterickhm@cornell.edu,
hambresinhn@about.me,
rcurnnokho@phoca.cz,
ngeistmannhp@biglobe.ne.jp,
pgobelhq@sohu.com,
jdublinhr@qq.com,
vmccriskenhs@ning.com,
cquigleyht@latimes.com,
mmackeoghhu@archive.org,
afianderhv@samsung.com,
alavillehw@google.fr,
semmerhx@jalbum.net,
thumerstonehy@admin.ch
lhoulsonhz@hc360.com,
rmungani0@smugmug.com,
ldalbeyi1@com.cast.net,
bmcfauli2@scribd.com,
choldi3@sciencedaily.com,
ebarenskiei4@answers.com,
fgabalai5@dot.gov,
leverti6@example.com,
mchessilli7@un.org,
elissandrinii8@eepurl.com,
wpordalli9@google.de,
dboeckeia@unesco.org,
nhablotib@list-manage.com,
lmarfeic@msn.com,
lstuckleyid@prnewswire.com,
iaylwardie@telegraph.co.uk,
sguntherif@jiathis.com,
fkiddig@bloglovin.com,
udarringtonih@cbslocal.com,
ebratchellii@adobe.com,
mbrennenstuhlij@squarespace.com,
dmanbyik@sbwire.com,
bpickettil@macromedia.com,
kambrosiim@newyorker.com,
zkenchin@1und1.de,
fbatterbeeio@etsy.com,
rocuddieip@addthis.com,
mbeanyiq@alibaba.com,
bodayir@nsw.gov,.au
ubuddenis@bigcartel.com,
cmatisit@miitbeian.gov,.cn,
mchurchiu@hexun.com,
rsmithemaniv@facebook.com,
bcheyneiw@ebay.com,
mcreedlandix@newsvine.com,
eesslementiy@tripod.com,
jcolesoniz@sakura.ne.jp,
hveallj0@soundcloud.com,
lsleneyj1@apple.com,
trubenovj2@yelp.com,
ocattachj3@amazon.com,
mgounelj4@unesco.org,
lclarkewilliamsj5@plala.or.jp,
rmussonj6@epa.gov,
zbenningj7@chron.com,
jlaflinj8@tmall.com,
twoolveridgej9@narod.ru,
tghelardija@tmall.com,
rvandenoordjb@vkontakte.ru,
achismanjc@seesaa.net,
lklaassensjd@tiny.cc
nhinksje@theatlantic.com,
bfirlejf@indiegogo.com,
jbriddenjg@mediafire.com,
fmessamjh@t-online.de,
fdufferji@nhs.uk,
dlabbezjj@shinystat.com,
shardanjk@goo.gl
tbromontjl@wired.com,
colivetjm@pbs.org,
lubanksjn@desdev.cn,
cdummiganjo@wisc.edu,
ajurischjp@wikimedia.org,
jverdiejq@sbwire.com,
ngeallejr@livejournal.com,
ckolodziejskijs@senate.gov,
vbedboroughjt@yahoo.co.jp,
meneasju@bluehost.com,
kbedbroughjv@1und1.de,
bwyonjw@naver.com,
dmacdavittjx@php.net,
mlawreyjy@smugmug.com,
srahljz@prlog.org,
jbaudouink0@youtube.com,
holdknowk1@ehow.com,
jcarlesk2@amazon.co.jp,
dtreasurek3@cnbc.com,
cbritziusk4@mysql.com,
abendank5@smh.com,.au
dmingardik6@biglobe.ne.jp,
fhartzogk7@deviantart.com,
emcsaulk8@java.com,
lmacarthurk9@xrea.com,
sdemetrka@washingtonpost.com,
vlouiskb@amazon.com,
wbelderfieldkc@abc.net,.au
aduforekd@zdnet.com,
mgalleke@vk.com,
jlindebergkf@godaddy.com,
cdevonshirekg@is.gd
pgraeberkh@samsung.com,
adawtryki@weibo.com,
hguittetkj@dedecms.com,
lkettlestringekk@prnewswire.com,
rcattenachkl@chicagotribune.com,
bgeorgievkm@jiathis.com,
gpowderhamkn@slashdot.org,
ecrownshawko@squidoo.com,
jswindleykp@japanpost.jp,
derdiskq@furl.net,
lmattonkr@domainmarket.com,
ipawlickiks@upenn.edu,
bluckmankt@list-manage.com,
lmatevushevku@arizona.edu,
gszapirokv@qq.com,
mgraverkw@hhs.gov,
sbanburykx@linkedin.com,
njurriesky@princeton.edu,
dduligalkz@sina.com,.cn,
vbenechl0@twitpic.com,
gmccarterl1@admin.ch
csupplel2@columbia.edu,
cjurkowskil3@purevolume.com,
eperrygol4@time.com,
gollcottl5@typepad.com,
sgerol6@newyorker.com,
ssalamonl7@ebay.com,
mtunniclissel8@tripadvisor.com,
rgrisardl9@springer.com,
plangranla@hugedomains.com,
sweskerlb@sina.com,.cn,
mbulgerlc@examiner.com,
pskeelesld@i2i.jp,
hgehrtsle@yellowpages.com,
hworgenlf@opera.com,
hcotonlg@home.pl,
bjewsburylh@microsoft.com,
erewcassellli@hatena.ne.jp,
mmottersheadlj@noaa.gov,
llashleylk@examiner.com,
fbreitlingll@answers.com,
jpetersenlm@cocolog-nifty.com,
amuscatln@ehow.com,
chearnelo@dailymotion.com,
amowburylp@4shared.com,
mnollilq@senate.gov,
cdidballlr@nps.gov,
icurrumls@tripod.com,
lcriminlt@ask.com,
chearthfieldlu@msu.edu,
szelleylv@symantec.com,
cmasseilw@hc360.com,
jcuthbertlx@booking.com,
lklazengaly@pbs.org,
smurphylz@paginegialle.it,
ncambridgem0@prlog.org,
mcarabetm1@army.mil,
sbabcockm2@army.mil,
djeenesm3@businesswire.com,
jparkesonm4@nymag.com,
hbaldacchinom5@disqus.com,
gcowpem6@wired.com,
owontnerm7@delicious.com,
ldeningtonm8@baidu.com,
kgibbensm9@drupal.org,
rshowenma@example.com,
cpeasegodmb@tmall.com,
sparadismc@loc.gov,
rskittrallmd@ameblo.jp,
erenshellme@china.com,.cn,
emainemf@rambler.ru,
ndaoutmg@istockphoto.com,
ahamnetmh@ow.ly,
tsindellmi@altervista.org,
sheseymj@google.pl,
efelsteadmk@amazon.co.uk,
bwannml@jugem.jp,
gcaddockmm@ihg.com,
mmustardemn@drupal.org,
tpylemo@multiply.com,
obehrendmp@imageshack.us,
srolsemq@lycos.com,
jbillammr@blogspot.com,
phogbenms@pagesperso-orange.fr,
dalldreadmt@nationalgeographic.com,
daffusomu@ca.gov,
srealymv@cocolog-nifty.com,
egiacom.ellimw@elpais.com,
abrandomx@irs.gov,
mbehanmy@time.com,
phuntlymz@hostgator.com,
cfanshawn0@mozilla.org,
lmocklern1@hao123.com,
cseyfartn2@soup.io,
msearightn3@symantec.com,
bropkinsn4@cpanel.net,
tcowpern5@cnn.com,
ltrueloven6@ning.com,
lmalkinn7@xrea.com,
tgroomen8@independent.co.uk,
eswiftn9@arstechnica.com,
lbottlestonena@360.cn,
jbimnb@huffingtonpost.com,
rscholefieldnc@discuz.net,
dcardosond@phpbb.com,
bedgecom.bene@mail.ru,
mbucknillnf@tumblr.com,
alafranconing@jimdo.com,
bbramenh@1688.com,
bmccorkindaleni@facebook.com,
jcraterenj@europa.eu,
zmoylernk@webnode.com,
akirkbynl@wsj.com,
mlissamannm@nih.gov,
gbauldrynn@mapquest.com,
mbeazerno@ow.ly,
edurbinnp@blogs.com,
alasseternq@constantcontact.com,
jaksellnr@livejournal.com,
sadamthwaitens@cdc.gov,
omercynt@privacy.gov,.au
jcollecknu@nih.gov,
snossentnv@hibu.com,
bmorpheynw@youtu.be
rstanburynx@ed.gov,
lpfeffleny@constantcontact.com,
bharlownz@tripadvisor.com,
jcornfortho0@biglobe.ne.jp,
sleamyo1@usda.gov,
ccliffordo2@hibu.com,
wphipsono3@home.pl,
jperuttoo4@prweb.com,
jjobino5@statcounter.com,
rwettero6@sciencedirect.com,
bmckibbino7@opera.com,
ghanhardo8@reuters.com,
cbowieo9@51.la
tfanteoa@aboutads.info,
bdashwoodob@stumbleupon.com,
rhindrickoc@geocities.jp,
dcesconod@omniture.com,
aworkesoe@istockphoto.com,
fizachikof@domainmarket.com,
llobellog@eventbrite.com,
pgummoeoh@army.mil,
fblebyoi@cast.net,
aswindenoj@npr.org,
bthickinsok@ibm.com,
srozecol@i2i.jp,
tkeirom@msu.edu,
jheinleinon@amazon.co.jp,
srosettinioo@yolasite.com,
kabsolonop@digg.com,
rcossinsoq@technorati.com,
echavezor@pinterest.com,
jcarvillos@wikia.com,
tvellacottot@google.com,
yvinnickou@nationalgeographic.com,
ckeavenyov@amazonaws.com,
kcolbridgeow@dailymotion.com,
rsealeafox@plala.or.jp,
bburvilloy@mapquest.com,
tvictoryoz@auda.org,.au
mkuhnwaldp0@blinklist.com,
mernip1@baidu.com,
mfitzharrisp2@tamu.edu,
lfittesp3@typepad.com,
bdavagep4@imdb.com,
fshrubshallp5@columbia.edu,
bmoyseyp6@usgs.gov,
nlownsbroughp7@theguardian.com,
cglanderp8@engadget.com,
qasburyp9@behance.net,
mquilkinpa@wisc.edu,
hlowriepb@sohu.com,
afrankspc@technorati.com,
mplasterpd@printfriendly.com,
wvassepe@microsoft.com,
bduminipf@omniture.com,
ppauleitpg@redcross.org,
akerwoodph@nature.com,
bschapiropi@ebay.com,
knindpj@hp.com,
aklosspk@ucoz.com,
shughespl@edublogs.org,
cdunthornpm@archive.org,
gwaddilowpn@techcrunch.com,
kgaylardpo@bandcamp.com,
hwallickerpp@ucoz.com,
dplypq@berkeley.edu,
hyankishinpr@fema.gov,
boferps@digg.com,
mwasielewiczpt@ox.ac.uk,
dkernarpu@stumbleupon.com,
cmeehanpv@ezinearticles.com,
milivepw@soup.io,
wpougherpx@usnews.com,
oloveladypy@nbcnews.com,
fgernierpz@intel.com,
bgraverq0@unesco.org,
mpitcockq1@csmonitor.com,
asilverthorneq2@plala.or.jp,
kmoyneq3@bloglines.com,
cburdounq4@miitbeian.gov,
drechertq5@irs.gov,
vlubeckq6@amazon.co.jp,
gsiseyq7@eventbrite.com,
wsneathq8@prnewswire.com,
dpostleq9@nyu.edu,
gbraghiniqa@spiegel.de,
lmacalesterqb@qq.com,
vtuneqc@chron.com,
sfidockqd@wired.com,
akynvinqe@blog.com,
mcubinqf@oaic.gov,
dmossbeeqg@nifty.com,
bivashechkinqh@msu.edu,
nferrarettoqi@utexas.edu,
daustinsqj@elegantthemes.com,
vfochqk@craigslist.org,
sbrindleyql@xinhuanet.com,
vbriertonqm@ocn.ne.jp,
glathayeqn@nasa.gov,
rbrecknallqo@google.fr,
ssexonqp@t.co,
kdustingqq@apache.org,
ogallandreqr@squarespace.com,
mdanbyqs@flickr.com,
akevlinqt@stanford.edu,
pprentyqu@cpanel.net,
hgorseqv@trellian.com,
acardenosaqw@economist.com,
egoldstonqx@yolasite.com,
mmaffeyqy@elegantthemes.com,
lmacgebenayqz@usnews.com,
rvuitter0@bluehost.com,
dgianr1@microsoft.com,
jeverettr2@google.fr,
ckastelr3@boston.com,
bjahnerr4@cisco.com,
djohnseyr5@webs.com,
mchristophersenr6@uiuc.edu,
ecallenr7@wikia.com,
vsentenr8@sitemeter.com,
tdenmanr9@amazonaws.com,
ahumbeera@amazon.co.uk,
ssapseedrb@taobao.com,
bfraserrc@networksolutions.com,
dibbesonrd@skyrock.com,
dvequaudre@epa.gov,
dlanningrf@feedburner.com,
ekemishrg@instagram.com,
vphilliskirkrh@rambler.ru,
cpetegreri@google.ru,
ldowdenrj@forbes.com,
acastrirk@accuweather.com,
ggarrawayrl@tripadvisor.com,
mmacgauhyrm@studiopress.com,
whartoprn@va.gov,
sabbetsro@privacy.gov,.au
etomeirp@blogtalkradio.com,
ltuckermanrq@ucoz.ru,
dmongerrr@accuweather.com,
jhagart0@liveinternet.ru,
ttithacott1@gnu.org,
shamnett2@bing.com,
sixer3@xinhuanet.com,
csomerton4@wired.com,
esmelley5@earthlink.net,
ssnelgar6@toplist.cz,
mkruger7@blogs.com,
lattwooll8@miibeian.gov,
ncomi9@cafepress.com,
lshepparda@unicef.org,
mwordsleyb@businesswire.com,
mburghillc@salon.com,
tsammond@constantcontact.com,
hpreshouse@usatoday.com,
gkeighlyf@furl.net,
kbamlettg@army.mil,
hfrowenh@mtv.com,
ojehaesi@so-net.ne.jp,
epeabodyj@europa.eu,
fyakovk@vkontakte.ru,
ghobbingl@amazon.co.uk,
jchampionm@usa.gov,
mjerattn@earthlink.net,
pamotto@sciencedaily.com,
jtadmanp@bloomberg.com,
gcaterq@nasa.gov,
efolbiggr@scribd.com,
nwinskills@multiply.com,
apinket@patch.com,
rglazyeru@ebay.com,
msiviterv@ucoz.ru,
ddebruijnew@skyrock.com,
pcastagnassox@stanford.edu,
agalleyy@vinaora.com,
aevez@theguardian.com,
dolunny10@oaic.gov,
ahudel11@jigsy.com,
ohodjetts12@microsoft.com,
jmckeachie13@hp.com,
tharston14@gnu.org,
dmcnea15@wunderground.com,
gcocher16@about.me,
gcargenven17@statcounter.com,
miglesia18@twitter.com,
jbebbington19@amazon.co.jp,
ejakobssen1a@jigsy.com,
fgiraldo1b@bing.com,
cgayforth1c@webeden.co.uk,
amingardo1d@eventbrite.com,
jyesipov1e@wordpress.org,
adicks1f@timesonline.co.uk,
hmcquade1g@mapquest.com,
mfrosdick1h@soundcloud.com,
bhartness1i@howstuffworks.com,
tbenne1j@freewebs.com,
dmedcraft1k@un.org,
dhanrott1l@biblegateway.com,
atomenson1m@barnesandnoble.com,
tterney1n@yale.edu,
hgianasi1o@ovh.net,
bpeepall1p@hhs.gov,
dhalfpenny1q@merriam-webster.com,
mmcgrale1r@jiathis.com,
rlynas1s@weather.com,
jishak1t@hostgator.com,
dpopplewell1u@chron.com,
jcolloff1v@nsw.gov,
glanfer1w@miitbeian.gov,
ysnoday1x@so-net.ne.jp,
miacovo1y@tripod.com,
aglinde1z@ucoz.ru,
bhehir20@arizona.edu,
kpackham21@fc2.com,
battawell22@cyberchimps.com,
bbowmaker23@sun.com,
fburnett24@elpais.com,
aepinoy25@howstuffworks.com,
woty26@microsoft.com,
hdavys27@nyu.edu,
gmcfetridge28@shinystat.com,
rblumsom29@dyndns.org,
beyckelbeck2a@yellowpages.com,
tgannaway2b@craigslist.org,
loliveto2c@latimes.com,
ptidbury2d@smugmug.com,
bbeaglehole2e@wsj.com,
bhannah2f@miibeian.gov,
dcamocke2g@smugmug.com,
dstrippling2h@ameblo.jp,
ghaig2i@yahoo.co.jp,
ecartner2j@chron.com,
leatherton2k@sciencedirect.com,
gwalklott2l@tripadvisor.com,
jomullen2m@typepad.com,
gbasler2n@tumblr.com,
sfound2o@amazon.de,
abriddock2p@prlog.org,
jgothrup2q@blog.com,
lgossipin2r@webs.com,
ppiggott2s@unesco.org,
slorenzetto2t@icq.com,
vruffy2u@tiny.cc,
csiaspinski2v@dropbox.com,
sdallander2w@blog.com,
fpressland2x@abc.net,
wtibbs2y@blogtalkradio.com,
mblowick2z@a8.net,
cburridge30@123-reg.co.uk,
lskippen31@netvibes.com,
pcorringham32@nasa.gov,
kgoldney33@bbb.org,
bboyce34@bloglines.com,
fkiellor35@123-reg.co.uk,
eredwin36@blogs.com,
fnorsworthy37@cdc.gov,
zroadknight38@odnoklassniki.ru,
lmablestone39@xing.com,
tgwatkin3a@arstechnica.com,
ljansa3b@nymag.com,
ksustins3c@wiley.com,
tturbat3d@theglobeandmail.com,
lobrian3e@sohu.com,
jgrimsdyke3f@purevolume.com,
lancell3g@amazon.co.jp,
epheasey3h@jigsy.com,
kcolmer3i@nationalgeographic.com,
mgilfoyle3j@scientificamerican.com,
shek3k@salon.com,
jhellsdon3l@craigslist.org,
sleivesley3m@fastcompany.com,
mchastagnier3n@dot.gov,
cthornthwaite3o@sina.com,
rclifft3p@yandex.ru,
wgemelli3q@bravesites.com,
aellingford3r@mysql.com,
dworts3s@opera.com,
nschule3t@taobao.com,
meades3u@dailymail.co.uk,
bmacmenamie3v@va.gov,
kmargram3w@sfgate.com,
vroycroft3x@zimbio.com,
eenochsson3y@paypal.com,
msharper3z@sakura.ne.jp,
kromagnosi40@abc.net,
hpepperell41@dion.ne.jp,
cbrimson42@tinypic.com,
apalfrey43@taobao.com,
ehare44@huffingtonpost.com,
vchidzoy45@weibo.com,
kdobsons46@sina.com,
wchitter47@mtv.com,
epantin48@rambler.ru,
ctempleman49@stumbleupon.com,
dpedgrift4a@pcworld.com,
lwhistlecroft4b@samsung.com,
bstillmann4c@discuz.net,
jferrieri4d@ucsd.edu,
sglenny4e@dion.ne.jp,
leasen4f@usgs.gov,
bbibb4g@google.co.jp,
aspencock4h@com,
boxenford4i@ebay.co.uk,
rkissick4j@skype.com,
ditzkin4k@creative.com,
dcleminshaw4l@ask.com,
canthill4m@goodreads.com,
bswiffen4n@sakura.ne.jp,
pmapother4o@opensource.org,
klennard4p@paginegialle.it,,
efrunks4q@furl.net,
cskune4r@quantcast.com,
bsapey4s@about.com,
bbaversor4t@gnu.org,
jharry4u@desdev.cn,
hbentzen4v@mozilla.com,
fsancias4w@mapy.cz,
dallin4x@fda.gov,
vhaythorne4y@artisteer.com,
lwayvill4z@ow.ly,
fbeevis50@theatlantic.com,
zantill51@themeforest.net,
sdinan52@over-blog.com,
gmushet53@columbia.edu,
ibradmore54@nydailynews.com,
wtrent55@ca.gov,
swornum56@bloglines.com,
skirvell57@kickstarter.com,
pendrizzi58@hubpages.com,
mkennerley59@istockphoto.com,
gswanton5a@canalblog.com,
tdarrel5b@imgur.com,
ngibbe5c@photobucket.com,
kwoodall5d@odnoklassniki.ru,
jmcpartlin5e@chicagotribune.com,
emcgawn5f@apple.com,
swedderburn5g@miibeian.gov,
alittle5h@sciencedaily.com,
rbaignard5i@instagram.com,
tschust5j@people.com,
wstearn5k@youtu.be
kshelbourne5l@nih.gov,
bdebellis5m@mlb.com,
blokier5n@ifeng.com,
agopsill5o@themeforest.net,
atumayan5p@macromedia.com,
rdoerren5q@wikia.com,
hcoxhead5r@epa.gov,
epilkinton5s@dot.gov,
rcolling5t@sakura.ne.jp,
mreubel5u@ifeng.com,
eolyunin5v@techcrunch.com,
amorlon5w@liveinternet.ru,
ogisborne5x@bandcamp.com,
hbiddwell5y@twitter.com,
anewcom.en5z@pbs.org,
mpitt60@foxnews.com,
tmaytum61@wisc.edu,
tkidds62@ifeng.com,
lgalbraith63@go.com,
pokenden64@ebay.co.uk,
iheaslip65@lycos.com,
amcatamney66@trellian.com,
ndriscoll67@spiegel.de,
lokeefe68@gov.uk,
wwalford69@posterous.com,
oomullaney6a@chicagotribune.com,
mstayte6b@cnbc.com,
ubertwistle6c@artisteer.com,
maust6d@abc.net,
rstoves6e@meetup.com,
tyu6f@issuu.com,
ldall6g@un.org,
ctrayford6h@4shared.com,
nmilverton6i@engadget.com,
scaillou6j@imageshack.us,
bgarrity6k@dion.ne.jp,
dgillean6l@tripadvisor.com,
asamson6m@auda.org,
etomley6n@oaic.gov,
dmccoll6o@elegantthemes.com,
aclaris6p@earthlink.net,
jfairpool6q@yahoo.com,
csivior6r@exblog.jp,
sstainbridge6s@baidu.com,
tclevely6t@berkeley.edu,
vlavalde6u@hud.gov,
efife6v@walmart.com,
cjosse6w@thetimes.co.uk,
calfonzo6x@hhs.gov,
iwaddilove6y@weebly.com,
kclere6z@rakuten.co.jp,
fslator70@youtube.com,
cfearenside71@paypal.com,
oberthon72@ted.com,
kbraley73@whitehouse.gov,
dgregon74@economist.com,
ngiddens75@freewebs.com,
pelles76@dailymotion.com,
edusting77@exblog.jp,
hstrowan78@google.co.jp,
ahackleton79@thetimes.co.uk,
bpossa7a@aol.com,
aoleszkiewicz7b@newyorker.com,
hnormabell7c@naver.com,
ltrank7d@blinklist.com,
askarman7e@list-manage.com,
lnevet7f@pen.io,
srobardey7g@icio.us,
whugle7h@about.me,
llawrenceson7i@harvard.edu,
bferrick7j@youtu.be
yfeore7k@histats.com,
chamblin7l@lycos.com,
mradbourne7m@house.gov,
jbruty7n@msn.com,
pgateshill7o@live.com,
thenkens7p@tmall.com,
ggowen7q@reddit.com,
ybloys7r@nih.gov,
dpinkerton7s@huffingtonpost.com,
bdoughty7t@123-reg.co.uk,
mswinerd7u@paginegialle.it,
tutteridge7v@sphinn.com,
saggiss7w@google.cn,
jhaysham7x@blogtalkradio.com,
nmacvey7y@behance.net,
abelfelt7z@youku.com,
porrocks80@state.gov,
fclapison81@ibm.com,
biban82@oracle.com,
cbehan83@europa.eu,
gthorouggood84@taobao.com,
msacher85@freewebs.com,
wunworth86@chronoengine.com,
hdikelin87@imdb.com,
jchalfont88@vistaprint.com,
kgurner89@bluehost.com,
msellens8a@cbsnews.com,
bdedomenicis8b@java.com,
mmccaffery8c@sun.com,
lsoeiro8d@posterous.com,
malessandone8e@flavors.me,
mfitzhenry8f@sciencedirect.com,
drodell8g@typepad.com,
berik8h@blogspot.com,
ldevons8i@photobucket.com,
dmeiningen8j@webmd.com,
lcullum8k@facebook.com,
gphilippson8l@angelfire.com,
aloughran8m@unc.edu,
lmerigeau8n@cnbc.com,
jmeadmore8o@topsy.com,
melfes8p@sakura.ne.jp,
dreiling8q@businessweek.com,
candreas8r@dailymotion.com,
vcorss8s@cisco.com,
lianniello8t@phoca.cz,
hlaxson8u@seesaa.net,
mlillford8v@rakuten.co.jp,
tcatcheside8w@technorati.com,
vunsworth8x@prweb.com,
rrance8y@usnews.com,
adingwall8z@ameblo.jp,
jbales90@ocn.ne.jp,
abellfield91@bing.com,
tcoggell92@themeforest.net,
winnman93@google.com,
edabes94@wsj.com,
llazare95@chronoengine.com,
acahn96@i2i.jp,
emeade97@canalblog.com,
rskillings98@posterous.com,
hpollitt99@dyndns.org,
graraty9a@live.com,
fhurdwell9b@histats.com,
acasassa9c@weebly.com,
kcaustick9d@amazon.de,
eeve9e@youtube.com,
jshepherd9f@cnn.com,
dgrzegorek9g@businessinsider.com,
emurkitt9h@jugem.jp,
nkertess9i@pagesperso-orange.fr,
gcaser9j@phpbb.com,
brohlfs9k@chron.com,
nidle9l@fotki.com,
ppenke9m@craigslist.org,
nsimmers9n@blogs.com,
tmingardo9o@aboutads.info,
cmongeot9p@princeton.edu,
dbellin9q@uiuc.edu,
kpickle9r@artisteer.com,
egiraldon9s@un.org,
jroomes9t@loc.gov,
rladewig9u@fc2.com,
lharty9v@mlb.com,
tmcamish9w@nationalgeographic.com,
mlingfoot9x@sakura.ne.jp,
jpachmann9y@pcworld.com,
rmccaffrey9z@gizmodo.com,
kamya0@army.mil,
oalgiea1@seesaa.net,
mbalasa2@cafepress.com,
dizaca3@cbslocal.com,
lwrighta4@i2i.jp,
eroperta5@japanpost.jp,
cleathlaya6@godaddy.com,
bantunesa7@upenn.edu,
jstitsona8@hp.com,
ldowniea9@biblegateway.com,
mlebrumaa@harvard.edu,
cnormanvilleab@state.tx.us,
kborsiac@seattletimes.com,
kmooread@desdev.cn,
lgreeninae@ning.com,
ctynewellaf@wsj.com,
kalldenag@ameblo.jp,
pgallamoreah@bigcartel.com,
astedmanai@last.fm,
lkoppeckaj@cornell.edu,
slayak@live.com,
fstoresal@intel.com,
aduellam@slideshare.net,
bbrollyan@linkedin.com,
fsendleyao@nba.com,
hgilbeartap@wikipedia.org,
hfruchonaq@booking.com,
mwaldiear@usgs.gov,
eswiersas@icio.us,
lmelmethat@macromedia.com,
drollingau@walmart.com,
chaslehurstav@typepad.com,
kliveseyaw@live.com,
gmacleeseax@army.mil,
gtrittonay@freewebs.com,
fmcclureaz@about.com,
atomblingsb0@census.gov,
cackeryb1@google.com,
mstockportb2@go.com,
lgideonb3@geocities.jp,
olarkcumb4@cmu.edu,
gdisleeb5@cocolog-nifty.com,
rbellworthyb6@china.com,
rtzarkovb7@answers.com,
kwrathmallb8@surveymonkey.com,
czimmermanb9@nydailynews.com,
mdurramba@imdb.com,
alimbournebb@ftc.gov,
dfranzelbc@domainmarket.com,
hcoughanbd@vimeo.com,
aklammtbe@wp.com,
tbeathembf@altervista.org,
jgathercolebg@exblog.jp,
lstillerbh@deviantart.com,
ncarnegybi@spotify.com,
kgunthorpbj@wordpress.org,
veverleighbk@psu.edu,
lmatkinbl@auda.org,
mgatleybm@google.nl,
nlyfebn@lycos.com,
gcondonbo@shareasale.com,
lbeeckbp@columbia.edu,
yhinrichsbq@zimbio.com,
cmacconnultybr@phpbb.com,
jfoxcroftbs@narod.ru,
zbenleybt@vistaprint.com,
wurebu@about.com,
kmerwedebv@google.es
csandercroftbw@statcounter.com,
vgavaranbx@canalblog.com,
sofinanby@canalblog.com,
dchannerbz@upenn.edu,
gkimbroughc0@vk.com,
gmeriothc1@netscape.com,
wbeaufoyc2@deviantart.com,
gknapmanc3@constantcontact.com,
sgrinsteadc4@drupal.org,
hpepisc5@artisteer.com,
bwadelingc6@nationalgeographic.com,
brougec7@ameblo.jp,
mtrevorrowc8@homestead.com,
chuttleyc9@wikipedia.org,
ldaviddeca@newyorker.com,
fgraftonherbertcb@sitemeter.com,
vguietcc@123-reg.co.uk,
gnewburncd@phoca.cz,
fkeunece@pbs.org,
bbearmancf@goodreads.com,
lmeechcg@altervista.org,
fdericotch@weather.com,
goldreyci@desdev.cn,
acoumbecj@canalblog.com,
dbenck@godaddy.com,
doddeycl@cnet.com,
amabbottcm@oakley.com,
chearoncn@de.vu
pbrazenorco@abc.net,.au
llindberghcp@livejournal.com,
falesicq@prlog.org,
cjearycr@guardian.co.uk,
dcissellcs@storify.com,
mhundleyct@people.com,
lsecretancu@seesaa.net,
fhowattcv@wix.com,
gyoxallcw@mit.edu,
fwetheraldcx@oakley.com,
csypluscy@techcrunch.com,
lhatliffcz@howstuffworks.com,
ndumpletond0@pbs.org,
cdenyukind1@phoca.cz,
bcardenasd2@europa.eu,
tyablsleyd3@youku.com,
ayellowlead4@buzzfeed.com,
dduhigd5@livejournal.com,
ahooked6@cyberchimps.com,
ckurdanid7@storify.com,
tpengelleyd8@deviantart.com,
fkirtond9@diigo.com,
tpeersda@oracle.com,
otankusdb@phpbb.com,
hmarksdc@pagesperso-orange.fr,
folivellodd@ted.com,
rrauprichde@wsj.com,
ceddinsdf@vk.com,
fbeersdg@photobucket.com,
farchdeacondh@chicagotribune.com,
emaryandi@ca.gov,
pbussydj@homestead.com,
aferedk@elegantthemes.com,
mrableaudl@discuz.net,
ejacobsohndm@angelfire.com,
tguyonnetdn@time.com,
dferrickdo@ihg.com,
aguierredp@dailymotion.com,
aphilcottdq@drupal.org,
cbussensdr@usatoday.com,
hpaylieds@alibaba.com,
arupertodt@hugedomains.com,
alandesdu@accuweather.com,
lshotboultdv@loc.gov,
