vrojas0@pbs.org,
srenforth1@istockphoto.com,
lmaddick2@eepurl.com,
mkhilkov3@blogtalkradio.com,
lkemery4@shutterfly.com,
higlesias5@ucoz.com,
acunniffe6@twitter.com,
djelliman7@yolasite.com,
lbarribal8@slashdot.org,
ckarpman9@scientificamerican.com,
hruskea@umich.edu,
bdunbobinb@cocolog-nifty.com,
cmacallasterc@bloglines.com,
kbowsteadd@time.com,
jonslowe@yahoo.co.jp,
mstuckowf@artisteer.com,
gdewareg@loc.gov,
orosenfruchth@slideshare.net,
gscothornei@hubpages.com,
tfabbrij@mit.edu,
ajeyesk@engadget.com,
mlangfordl@msu.edu,
elapishm@foxnews.com,
jscrauniagen@w3.org,
kpeskino@domainmarket.com,
blepperp@free.fr,
rludvigsenq@about.me,
cklimentovr@java.com,
cdelves@timesonline.co.uk,
drabiert@last.fm,
jgiveenu@slideshare.net,
wrichv@blogtalkradio.com,
vhallattw@imageshack.us,
abrinklerx@redcross.org,
vbrownsmithy@home.pl,
wguilloneauz@freewebs.com,
bmottini10@reuters.com,
hinett11@tumblr.com,
ahonatsch12@yahoo.co.jp,
ncabell13@netscape.com,
vlimpertz14@soundcloud.com,
bgrinsdale15@washingtonpost.com,
zsmithen16@scribd.com,
larchbould17@hud.gov,
wolooney18@microsoft.com,
mmcmyler19@quantcast.com,
wschutter1a@reuters.com,
ddoughill1b@cam.ac.uk,
pparadise1c@lulu.com,
gshaefer1d@feedburner.com,
bchristou1e@artisteer.com,
hkoeppke1f@ucsd.edu,
gpiggin1g@rediff.com,
eflavelle1h@sitemeter.com,
ptunnadine1i@cbsnews.com,
wspuner1j@quantcast.com,
hmogie1k@bandcamp.com,
skimbrough1l@fotki.com,
rbryer1m@netvibes.com,
vdeeming1n@dion.ne.jp,
blillecrap1o@gizmodo.com,
lkitchinham1p@goo.gl,
lbiddy1q@cnbc.com,
fwildber1r@geocities.jp,
bpiercey1s@princeton.edu,
rboome1t@usatoday.com,
isawnwy1u@baidu.com,
akenrat1v@whitehouse.gov,
lsheriff1w@topsy.com,
abarrable1x@loc.gov,
llanegran1y@godaddy.com,
jdurkin1z@e-recht24.de,
gdelisle20@domainmarket.com,
atidmarsh21@about.com,
mchancelier22@wordpress.org,
abateup23@last.fm,
nduny24@dmoz.org,
aseargeant25@sakura.ne.jp,
gmilward26@baidu.com,
rworsfield27@engadget.com,
mdancer28@typepad.com,
pbebis29@epa.gov,
lbubbings2a@creativecommons.org,
knappin2b@twitter.com,
cfaithfull2c@miitbeian.gov,
jreinmar2d@japanpost.jp,
jjoel2e@shareasale.com,
kdollimore2f@barnesandnoble.com,
rrate2g@godaddy.com,
pkryzhov2h@sciencedaily.com,
ftorry2i@eepurl.com,
tstockney2j@gov.uk,
pburton2k@imageshack.us,
tdumbleton2l@usa.gov,
ndensey2m@live.com,
ldescroix2n@virginia.edu,
nhatto2o@foxnews.com,
mloding2p@cbc.ca,
hleonida2q@xing.com,
dbauckham2r@live.com,
aletteresse2s@cbc.ca,
tmalinson2t@netvibes.com,
ldechelette2u@dion.ne.jp,
gbeardshaw2v@parallels.com,
tstillman2w@mashable.com,
mvine2x@pbs.org,
hpuig2y@whitehouse.gov,
bcoursor2z@xinhuanet.com,
orennicks30@patch.com,
ocarmody31@goo.gl,
dheinecke32@goo.gl,
driccio33@squarespace.com,
bwigfall34@webs.com,
smoynihan35@wisc.edu,
tbayford36@sun.com,
cheight37@aboutads.info,
tmcmurty38@forbes.com,
fdalby39@jigsy.com,
pdanielsohn3a@cafepress.com,
mglusby3b@shutterfly.com,
nick3c@homestead.com,
csacker3d@mapy.cz,
ayeld3e@clickbank.net,
qmishaw3f@ftc.gov,
blowle3g@amazon.co.jp,
aclimie3h@weibo.com,
ldouthwaite3i@google.co.uk,
wgreim3j@amazon.co.jp,
btilliards3k@kickstarter.com,
mpalmar3l@purevolume.com,
mjeremaes3m@vimeo.com,
hmainland3n@google.com,
ryoung3o@foxnews.com,
dbeardsell3p@soundcloud.com,
hblything3q@dailymail.co.uk,
mjossel3r@jalbum.net,
ckingdon3s@hostgator.com,
adoyle3t@mapy.cz,
jmatschoss3u@dailymotion.com,
pcopcutt3v@cdc.gov,
mhayton3w@prlog.org,
fpallas3x@photobucket.com,
dfavela3y@bravesites.com,
jmushet3z@slideshare.net,
akliemchen40@sbwire.com,
tmerrigans41@tripadvisor.com,
tpickaver42@latimes.com,
tdeason43@prlog.org,
lbarrack44@wisc.edu,
hainsley45@rakuten.co.jp,
gharbord46@theglobeandmail.com,
kdirocca47@ocn.ne.jp,
hbembrick48@aol.com,
cjenkyn49@myspace.com,
lsmuth4a@naver.com,
jbathersby4b@economist.com,
mligerton4c@uiuc.edu,
rmcasparan4d@multiply.com,
jchaikovski4e@census.gov,
aguidone4f@springer.com,
tbarrand4g@sina.com,.cn,
cburnip4h@omniture.com,
nscobbie4i@imdb.com,
bharnetty4j@nih.gov,
sclineck4k@51.la,
tthayre4l@sogou.com,
xbraun4m@symantec.com,
msheldrake4n@elegantthemes.com,
langlim4o@infoseek.co.jp,
amcquade4p@smh.com,
jaugar4q@desdev.cn,
amusto4r@google.pl,
jfairn4s@theatlantic.com,
agenese4t@apple.com,
cbaron4u@taobao.com,
hfrantzen4v@example.com,
imanagh4w@illinois.edu,
wsobey4x@twitter.com,
cgullis4y@wikia.com,
ebatts4z@slideshare.net,
smuzzi50@hubpages.com,
bcrowley51@washington.edu,
emackettrick52@washingtonpost.com,
bowbridge53@blogspot.com,
gfarfolomeev54@histats.com,
agrace55@sciencedirect.com,
nesterbrook56@1688.com,
bandreutti57@livejournal.com,
asporle58@wikispaces.com,
brustadge59@paginegialle.it,
kflude5a@4shared.com,
khutchinges5b@de.vu,
qattwood5c@springer.com,
skluge5d@whitehouse.gov,
rbuttriss5e@prnewswire.com,
rdzenisenka5f@dion.ne.jp,
asangwin5g@i2i.jp,
ngonnely5h@51.la,
alineham5i@sogou.com,
scapper5j@nationalgeographic.com,
rdancer5k@answers.com,
tissitt5l@disqus.com,
gmaryska5m@microsoft.com,
rforrest5n@npr.org,
jsautter5o@sitemeter.com,
cgabbitas5p@foxnews.com,
ldimont5q@google.de,
amattheis5r@baidu.com,
cbarwise5s@va.gov,
ngonzalvo5t@cbslocal.com,
lwestwood5u@sourceforge.net,
hhalegarth5v@ebay.co.uk,
knardrup5w@netscape.com,
mselwin5x@mit.edu,
rmessenger5y@tmall.com,
npirie5z@bbc.co.uk,
amcfade60@nasa.gov,
aclimer61@cyberchimps.com,
cduesbury62@bandcamp.com,
kgrahame63@dailymotion.com,
whaig64@techcrunch.com,
mtombs65@github.io,
aphython66@pinterest.com,
gludgate67@woothemes.com,
cdaudray68@nasa.gov,
jgillbard69@1688.com,
tstory6a@cpanel.net,
amasedon6b@g.co
emulqueeny6c@pbs.org,
abrauninger6d@state.tx.us,
ifowgies6e@aol.com,
rstrooband6f@bravesites.com,
nmattiessen6g@ucoz.ru,
gpyffe6h@sakura.ne.jp,
ydurrell6i@hc360.com,
erochford6j@amazonaws.com,
hwibrew6k@samsung.com,
cdampier6l@github.io,
rmeert6m@sakura.ne.jp,
cklosterman6n@si.edu,
gmayho6o@businesswire.com,
ffriman6p@cbsnews.com,
chitzke6q@i2i.jp,
swenderott6r@cnet.com,
sduerden6s@pcworld.com,
ttookill6t@ebay.com,
csterre6u@cloudflare.com,
nwestwood6v@sfgate.com,
bschoolcroft6w@accuweather.com,
bwyld6x@icq.com,
gmerit6y@nyu.edu,
abuggs6z@jiathis.com,
santham70@odnoklassniki.ru,
jhodgon71@cargocollective.com,
lbusson72@php.net,
fmilsom73@geocities.com,
bduding74@fc2.com,
cmathivon75@answers.com,
cwoolnough76@cloudflare.com,
garstingall77@acquirethisname.com,
ecleugher78@pcworld.com,
gcona79@scientificamerican.com,
ahinz7a@woothemes.com,
acleaveland7b@shinystat.com,
ghek7c@webeden.co.uk,
kcheley7d@mediafire.com,
jkentwell7e@technorati.com,
mcardozo7f@go.com,
sfautley7g@seattletimes.com,
dcordie7h@google.ru,
bkline7i@epa.gov,
acleere7j@qq.com,
fbrothwell7k@privacy.gov,
ralessandone7l@wix.com,
rgrouse7m@youku.com,
pmercer7n@stumbleupon.com,
pbirdall7o@fda.gov,
pmclinden7p@disqus.com,
afeehely7q@craigslist.org,
ulum7r@technorati.com,
aladloe7s@oaic.gov,
bfranzolini7t@zdnet.com,
aleeuwerink7u@techcrunch.com,
dprier7v@ucsd.edu,
ddrinkwater7w@europa.eu
vguerriero7x@example.com,
gwardell7y@unblog.fr,
twegner7z@eepurl.com,
bkoppke80@barnesandnoble.com,
zstovin81@dmoz.org,
gdelahaye82@theatlantic.com,
emcrory83@jimdo.com,
dduffield84@sphinn.com,
sgai85@hatena.ne.jp,
gbahl86@tinypic.com,
naleksandrikin87@google.fr,
adoige88@prnewswire.com,
mfeathersby89@uol.com,
layrton8a@people.com,.cn,
cmabone8b@pen.io,
mhayen8c@blogspot.com,
ggonning8d@angelfire.com,
nalywin8e@about.com,
kscud8f@about.me,
ebramont8g@gravatar.com,
lkindread8h@marriott.com,
vsille8i@com.com,
feddie8j@jiathis.com,
fyuill8k@huffingtonpost.com,
nwellard8l@state.tx.us,
rkynge8m@google.co.jp,
lmoth8n@hexun.com,
qkeetley8o@forbes.com,
corwin8p@eepurl.com,
mthonason8q@digg.com,
nbrokenshaw8r@de.vu,
ahealy8s@jiathis.com,
cboyson8t@storify.com,
nstandring8u@wsj.com,
bgorusso8v@i2i.jp,
dmazzei8w@bing.com,
ichilderley8x@booking.com,
ariddel8y@people.com,.cn,
dfache8z@ow.ly,
swhitloe90@sakura.ne.jp,
hnice91@bluehost.com,
gcawker92@google.com,
efesby93@google.it,
mporte94@reference.com,
odifranceshci95@nsw.gov,
jlandeaux96@boston.com,
bvergine97@craigslist.org,
hhousecraft98@weather.com,
rducker99@goodreads.com,
pseabon9a@opera.com,
dkoschke9b@ezinearticles.com,
kjoisce9c@shutterfly.com,
lmcniff9d@xrea.com,
gkitman9e@ask.com,
ttomley9f@sciencedaily.com,
abachnic9g@usatoday.com,
djessopp9h@wunderground.com,
dcronshaw9i@w3.org,
ebilt9j@wikimedia.org,
fcovill9k@themeforest.net,
lentwistle9l@slideshare.net,
jmaric9m@time.com,
hertel9n@zimbio.com,
dpitfield9o@t-online.de,
agumary9p@mediafire.com,
ohinckes9q@privacy.gov,
vbabar9r@tiny.cc,
jbeckhouse9s@howstuffworks.com,
ghamill9t@marketwatch.com,
fmckoy9u@last.fm,
lmessage9v@mozilla.com,
hpischoff9w@hhs.gov,
ktutchings9x@twitpic.com,
mclowes9y@squarespace.com,
oheddy9z@mozilla.com,
cstarbecka0@adobe.com,
awhiteoaka1@issuu.com,
kdecleynea2@jalbum.net,
kbouslera3@aboutads.info,
jgolsthorpa4@rakuten.co.jp,
wkainea5@live.com,
cfullylovea6@mit.edu,
kbrimelowa7@freewebs.com,
svardeya8@lycos.com,
bbrunia9@mapy.cz,
rwhittletonaa@discuz.net,
dcurtisab@google.cn,
lverrickac@illinois.edu,
vstandingfordad@auda.org,
pfratsonae@usatoday.com,
agappaf@cbc.ca,
baxfordag@comsenz.com,
yhultbergah@jalbum.net,
wmunghamai@sbwire.com,
gfosdickaj@stanford.edu,
lhearmonak@bravesites.com,
nsmitherhamal@wufoo.com,
etolertonam@youtu.be,
agrisewoodan@ebay.com,
wtregustao@home.pl,
cgreenacreap@miibeian.gov,
pmuncasteraq@last.fm,
cleppingwellar@ebay.com,
fpotteras@dmoz.org,
rmallochat@mysql.com,
meberleau@google.de,
cwyrillav@newsvine.com,
hblumireaw@skype.com,
mcoanax@timesonline.co.uk,
esooperay@so-net.ne.jp,
llammingaz@usnews.com,
laselb0@mozilla.com,
hbaptieb1@pagesperso-orange.fr,
esyrieb2@rakuten.co.jp,
peulerb3@acquirethisname.com,
harentsb4@ask.com,
wvonderemptenb5@sourceforge.net,
amerveilleb6@cisco.com,
jroozeb7@oracle.com,
nmathivatb8@fc2.com,
mjoselandb9@pagesperso-orange.fr,
nelyba@addthis.com,
nborzonebb@gmpg.org,
gpallentbc@t.co,
bhuncotebd@skype.com,
dfrerebe@patch.com,
pleishmanbf@ox.ac.uk,
pelvinbg@angelfire.com,
rneljesbh@blogger.com,
ocowitzbi@imdb.com,
crowantreebj@scientificamerican.com,
rfranzelinibk@google.de,
fcasinobl@cocolog-nifty.com,
rtrethowanbm@goo.ne.jp,
btibbottsbn@fc2.com,
mifebo@examiner.com,
cfillonbp@angelfire.com,
vmadsenbq@discuz.net,
ssummerhayesbr@nifty.com,
lhrihorovichbs@booking.com,
lfitzsymonbt@wsj.com,
dkenratbu@epa.gov,
rraulinbv@about.com,
plinkleterbw@ucoz.ru,
blymerbx@abc.net,
cbursnallby@artisteer.com,
awigglesworthbz@amazon.com,
corrockc0@si.edu,
sveldmanc1@europa.eu,
asowrahc2@slate.com,
ryeomanc3@vistaprint.com,
sbanvillec4@miitbeian.gov,
mmacturloughc5@desdev.cn,
hscrasec6@yahoo.com,
cyakhinc7@dailymotion.com,
emccormickc8@php.net,
lglawsopc9@businessinsider.com,
rmahodyca@cisco.com,
jmathevetcb@apache.org,
ffontellcc@census.gov,
colechnowiczcd@vinaora.com,
crawlcliffece@census.gov,
kmcgruddercf@artisteer.com,
cearngycg@simplemachines.org,
mblaxillch@buzzfeed.com,
gfrowdci@dropbox.com,
tollivierrecj@macromedia.com,
kebertsck@imdb.com,
achrispincl@prnewswire.com,
tgrovescm@mediafire.com,
achapellowcn@unesco.org,
ycoyishco@nationalgeographic.com,
mavrashincp@wsj.com,
bkitchasidecq@usnews.com,
pbadhamcr@nymag.com,
rbellinics@squarespace.com,
abesemerct@dyndns.org,
aharlettcu@dyndns.org,
imegarrycv@jalbum.net,
ppauleycw@wikipedia.org,
acaccavaricx@diigo.com,
bcaldwellcy@economist.com,
mvannscz@whitehouse.gov,
gdessentd0@cdc.gov,
gkoppd1@tinyurl.com,
atrewinnardd2@de.vu,
cstollmeierd3@sourceforge.net,
fbielfeldtd4@dot.gov,
ustoppsd5@vistaprint.com,
cbreedyd6@vk.com,
tharbind7@webmd.com,
aseifd8@zdnet.com,
plaffind9@soup.io,
lhannafordda@msn.com,
rgilldb@indiegogo.com,
vrobydc@jimdo.com,
ckrusedd@odnoklassniki.ru,
fgorussode@google.pl,
sdanforddf@springer.com,
kmcmurdodg@github.io,
nbroadbentdh@europa.eu,
cfebendi@fc2.com,
atuckerdj@arstechnica.com,
hattockdk@oakley.com,
lwanklyndl@4shared.com,
ipinshondm@geocities.com,
jcabraradn@unesco.org,
hbraithwaitdo@wiley.com,
pwhenmandp@prnewswire.com,
ahartforddq@gmpg.org,
mchingdr@home.pl,
eparrends@amazon.com,
epanyerdt@wordpress.org,
bcleeverdu@pinterest.com,
hboormandv@free.fr,
qeltringhamdw@fastcompany.com,
kswindalldx@tripadvisor.com,
mcastelluccidy@apple.com,
mandreinidz@ihg.com,
vbrodericke0@photobucket.com,
kstollenbeckere1@nps.gov,
sgandertone2@archive.org,
bloinse3@tuttocitta.it,
kdaintye4@about.me,
mnaishe5@shinystat.com,
hgreere6@hostgator.com,
kwyldboree7@army.mil,
fklimuse8@joomla.org,
abrounfielde9@fda.gov,
vdickonea@apple.com,
rmatelaitiseb@livejournal.com,
jcawsec@com.com,
chartiled@jalbum.net,
jbrissetee@sciencedirect.com,
tfollanef@irs.gov,
cwartnabyeg@fotki.com,
okarpfeneh@clickbank.net,
jvolksei@wikipedia.org,
dcosleyej@addthis.com,
smackimek@uiuc.edu,
bwhimperel@pbs.org,
mtungayem@meetup.com,
cleamanen@linkedin.com,
ebuttleeo@liveinternet.ru,
jpettiep@sphinn.com,
tmcilreavyeq@umich.edu,
ewrangleer@vistaprint.com,
sbelhames@seesaa.net,
adarrigoet@smugmug.com,
selbyeu@ifeng.com,
nanthonev@w3.org,
vgarroldew@aol.com,
sdzeniskevichex@scribd.com,
vfassaney@networkadvertising.org,
mpenswickez@paypal.com,
asyerf0@dagondesign.com,
wfurseyf1@paginegialle.it,
cbaudessonf2@jalbum.net,
bsanhamf3@bloomberg.com,
bsiebertf4@cdbaby.com,
dgrigsbyf5@pagesperso-orange.fr,
bwrinchf6@icq.com,
ggaunterf7@furl.net,
flilburnf8@toplist.cz,
kmathwinf9@google.com,
jsabinfa@goodreads.com,
ldunstallfb@msu.edu,
tdavidzonfc@princeton.edu,
mboshellfd@thetimes.co.uk,
ssmithefe@dot.gov,
gterransff@nifty.com,
dhanscombefg@twitpic.com,
mjollimanfh@hc360.com,
bsawterfi@deviantart.com,
cgowlettfj@pcworld.com,
evandecappellefk@deviantart.com,
croalfefl@jiathis.com,
wbrooksbyfm@ezinearticles.com,
dmcterryfn@craigslist.org,
dhuzzayfo@upenn.edu,
acoltfp@hud.gov,
jrandalstonfq@icq.com,
gfinnfr@vkontakte.ru,
cmountneyfs@statcounter.com,
nronischft@instagram.com,
ccrouchfu@live.com,
fbarnicottfv@hhs.gov,
rscarsefw@blinklist.com,
twheowallfx@newyorker.com,
ephilipponfy@microsoft.com,
mowersfz@cloudflare.com,
cnareg0@joomla.org,
dgriseg1@nyu.edu,
vhuffg2@usatoday.com,
bhalletg3@bbc.co.uk,
morrahg4@diigo.com,
fgirardengog5@reference.com,
cgibardg6@gov.uk,
bglencrossg7@cnn.com,
sgraalmang8@dailymotion.com,
amayling9@springer.com,
abatthewga@hao123.com,
gtippettsgb@businessinsider.com,
tgehrtzgc@un.org,
kgarrgd@cam.ac.uk,
rcaccavellage@netlog.com,
mlacergf@twitter.com,
karrangg@yellowbook.com,
ybrownrigggh@gov.uk,
rkliemanngi@washington.edu,
aseawellgj@istockphoto.com,
jmyrickgk@rambler.ru,
bswynegl@prnewswire.com,
kmittongm@sohu.com,
agarvingn@washington.edu,
mmcphilipgo@unblog.fr,
pgrowcockgp@elegantthemes.com,
mhainsworthgq@typepad.com,
ifrowengr@parallels.com,
ighestgs@joomla.org,
aeshelbygt@washington.edu,
stosneygu@wix.com,
ehatrickgv@wired.com,
cgoodspeedgw@tumblr.com,
hglascottgx@yellowpages.com,
rgosdengy@123-reg.co.uk,
acotgrovegz@symantec.com,
mcumoh0@cloudflare.com,
vbattamsh1@businessweek.com,
apycockh2@soundcloud.com,
fchiswellh3@dropbox.com,
canthonh4@wired.com,
ljefferysh5@statcounter.com,
wcollinetteh6@spiegel.de,
togroganeh7@about.me,
klinehamh8@addtoany.com,
dgarriockh9@reverbnation.com,
smcneiceha@sbwire.com,
gmeakeshb@paginegialle.it,
mcomleyhc@boston.com,
cheineckehd@uol.com,
lwainehe@google.com,
khickinhf@slate.com,
smintofthg@businessinsider.com,
wsallanhh@yahoo.co.jp,
gwillshi@typepad.com,
sbaltrushaitishj@omniture.com,
alangfordhk@live.com,
hnyssenhl@creativecommons.org,
yaubryhm@dell.com,
ljovichn@craigslist.org,
kapedaileho@nsw.gov,
dbubearhp@51.la,
mhuskinsonhq@icq.com,
flemmonhr@bandcamp.com,
idurbridgehs@omniture.com,
fbharht@altervista.org,
tmacduffhu@tinypic.com,
mravelushv@blog.com,
espawforthhw@ifeng.com,
bhartilhx@nhs.uk,
vhammentshy@google.de,
kbinyonhz@cnet.com,
tmccorkindalei0@mapquest.com,
jmaclicei1@wufoo.com,
ybaili2@deviantart.com,
mchampkinsi3@forbes.com,
scartyi4@washingtonpost.com,
bcounihani5@diigo.com,
dharvatti6@java.com,
iambrogettii7@nydailynews.com,
kdorkeni8@a8.net,
claymani9@1und1.de,
emonkleyia@gravatar.com,
hdunbarib@dropbox.com,
astolbergeric@multiply.com,
egregsid@arstechnica.com,
bchristianie@nyu.edu,
fvicareyif@barnesandnoble.com,
jadshedig@fda.gov,
bsaphirih@live.com,
dshernockii@noaa.gov,
ovamplewij@loc.gov,
fburdik@ucoz.com,
eretchfordil@google.fr,
jferrisim@china.com,
rtrussin@blogtalkradio.com,
sskeneio@indiatimes.com,
jannesip@rambler.ru,
jcaskieiq@yelp.com,
cbenesir@mlb.com,
gmilneris@arstechnica.com,
kkennetit@java.com,
dketteringhamiu@wix.com,
tscullardiv@google.nl
mfoddyiw@wordpress.org,
bcruickshankix@odnoklassniki.ru,
ajumeliy@guardian.co.uk,
rdorbiniz@mashable.com,
gpendrej0@reuters.com,
tsollittj1@google.com,
vcoenj2@cdc.gov,
amcphelimj3@intel.com,
ianselmj4@vistaprint.com,
emckinlessj5@hud.gov,
speetermannj6@squidoo.com,
vgrimsdithj7@google.com,
sivanisovj8@netscape.com,
csallengerj9@miibeian.gov,
ghalshawja@gov.uk,
kbatkinjb@networksolutions.com,
lmccotterjc@comsenz.com,
jcanterojd@unc.edu,
fmessinghamje@weather.com,
kriddickjf@sbwire.com,
cbirminghamjg@globo.com,
cpasbyjh@indiatimes.com,
rmccreaji@indiatimes.com,
bpearejj@symantec.com,
spadefieldjk@cnn.com,
dtarplyjl@twitter.com,
egoodenoughjm@google.com,
hhampsonjn@miitbeian.gov,
rhaineyjo@twitpic.com,
kfonzonejp@free.fr,
emcallanjq@bbb.org,
crudderhamjr@wp.com,
rbosdenjs@delicious.com,
atraherjt@pcworld.com,
leltringhamju@microsoft.com,
blicciardijv@shop-pro.jp,
gkrimmerjw@ow.ly,
ctuckwelljx@canalblog.com,
mjeansjy@upenn.edu,
ibawlesjz@twitter.com,
fklischk0@ebay.co.uk,
aturlandk1@archive.org,
bbenoitonk2@independent.co.uk,
gcrellimk3@123-reg.co.uk,
pgazeyk4@wordpress.org,
caugurk5@dailymotion.com,
egotcherk6@wordpress.org,
arylancek7@cisco.com,
jmethuenk8@jigsy.com,
omaccurlyek9@posterous.com,
hletterickka@surveymonkey.com,
csaunderkb@npr.org,
ececikc@bandcamp.com,
acornfootkd@csmonitor.com,
clabetke@nasa.gov,
kpinnkf@networkadvertising.org,
bspellwardkg@sciencedirect.com,
fbrockettkh@netvibes.com,
dtremainki@bizjournals.com,
abaakekj@rambler.ru,
nmoreinukk@360.cn,
bwheildonkl@facebook.com,
fknellerkm@github.com,
clambertazzikn@fastcompany.com,
dwenhamko@w3.org,
sallibankp@mail.ru,
mskarrkq@xrea.com,
hwyldishkr@rakuten.co.jp,
gscarsbrookeks@newsvine.com,
ajorezkt@zdnet.com,
hbramoku@reverbnation.com,
mkistingkv@answers.com,
zcroxleykw@sitemeter.com,
godriscollkx@bloomberg.com,
bhulsonky@over-blog.com,
tfairholmekz@cnn.com,
jcannaml0@shutterfly.com,
ewallwoodl1@jimdo.com,
drickmanl2@mlb.com,
akunradl3@wix.com,
eghilksl4@phoca.cz,
tmelpussl5@fastcompany.com,
kpaviel6@sogou.com,
lspawtonl7@marriott.com,
bmaesl8@elegantthemes.com,
tdillestonl9@newsvine.com,
mstallybrassla@patch.com,
bkeneleysidelb@aboutads.info,
bmccallamlc@bing.com,
lkrzyzanowskild@diigo.com,
ahardawayle@mozilla.com,
hchillingsworthlf@rediff.com,
swhelbandlg@hc360.com,
gcrannelllh@imageshack.us,
hmethingamli@github.com,
gsaddingtonlj@elegantthemes.com,
cgivelk@livejournal.com,
ldamarellll@google.de,
pbertotlm@tmall.com,
atommeiln@marketwatch.com,
dharbererlo@virginia.edu,
dhunlp@nationalgeographic.com,
nmollittlq@answers.com,
lrowlr@cmu.edu,
fextillls@instagram.com,
cdearsleylt@bigcartel.com,
tmulhilllu@lycos.com,
mhallihanlv@twitpic.com,
rhuggilllw@chicagotribune.com,
acasserleylx@constantcontact.com,
mtrenowethly@elpais.com,
mfriellz@nasa.gov,
edavidsohnm0@trellian.com,
crisomm1@washingtonpost.com,
efenichm2@disqus.com,
cdunthornem3@icq.com,
jblythm4@ucsd.edu,
ncowelym5@telegraph.co.uk,
bdoxeym6@posterous.com,
gtewnionm7@smugmug.com,
mdriuttim8@blinklist.com,
ccoardm9@istockphoto.com,
pwadesonma@wordpress.org,
dbristomb@netscape.com,
lfrankhammc@google.de,
mreinbeckmd@phoca.cz,
sellensme@imdb.com,
slanghornemf@jiathis.com,
bchavesmg@csmonitor.com,
lgreensmithmh@ow.ly,
aherrievenmi@arizona.edu,
mmountlowmj@fastcompany.com,
sotleymk@fc2.com,
cscholtzml@dell.com,
clochranmm@1688.com,
galessandrellimn@hp.com,
cbaressmo@independent.co.uk,
dandraudmp@blinklist.com,
oblowinmq@icio.us,
haccombemr@fema.gov,
lmarcinkowskims@census.gov,
atarplymt@privacy.gov,
gsustinsmu@ning.com,
mstannettmv@reuters.com,
taudibertmw@fda.gov,
wboardmanmx@purevolume.com,
whenstridgemy@wp.com,
ggowersmz@ft.com,
kcroisiern0@techcrunch.com,
achingedehalsn1@gizmodo.com,
mhurburtn2@house.gov,
mpietrusiakn3@washingtonpost.com,
jmanwelln4@about.com,
rtattersalln5@pagesperso-orange.fr,
hgreendalen6@hud.gov,
mtompionn7@sun.com,
icashamn8@noaa.gov,
jmcgillegholen9@umich.edu,
rambroschna@berkeley.edu,
fbrickseynb@hubpages.com,
adedamnc@goo.ne.jp,
cballsnd@engadget.com,
awollrauchne@discovery.com,
bridgersnf@artisteer.com,
qklicherng@addthis.com,
vyashanovnh@fc2.com,
rmillsonni@nhs.uk,
hgoldingaynj@paginegialle.it,
acluleynk@wikimedia.org,
mcaplenl@nih.gov,
jstansallnm@simplemachines.org,
emielniknn@fema.gov,
adavidowskyno@bravesites.com,
tflintnp@gmpg.org,
dguiraudnq@msu.edu,
wmarquesnr@bbc.co.uk,
sbiffenns@house.gov,
lluckeynt@ning.com,
rlenaghennu@discovery.com,
hmatteknv@businessweek.com,
rdemendozanw@issuu.com,
jmckeevernx@cbslocal.com,
gmclaganny@moonfruit.com,
dmarsonnz@weibo.com,
fhainso0@fema.gov,
cdwelleyo1@census.gov,
dmurrisho2@exblog.jp,
rokennyo3@blogs.com,
wbrissendeno4@stumbleupon.com,
jmatthissono5@slate.com,
pmcgibbono6@rediff.com,
tdrohuno7@naver.com,
jfieldingo8@goo.ne.jp,
kcolbrano9@tamu.edu,
cprudenceoa@moonfruit.com,
ctunnickob@nhs.uk,
gthrelfalloc@tamu.edu,
cminthorpeod@chronoengine.com,
vpinxtonoe@disqus.com,
rtomaszof@yale.edu,
ahayesog@wp.com,
tlisettoh@twitpic.com,
bsebrightoi@scientificamerican.com,
hsiveteroj@mysql.com,
edufferok@spotify.com,
ccollarol@twitter.com,
dbrumwellom@wikispaces.com,
cbonnickon@shop-pro.jp,
mjillittoo@feedburner.com,
brosgenop@businessinsider.com,
pmilksopoq@moonfruit.com,
rreinersor@eventbrite.com,
bstewardos@admin.ch,
mcockmanot@cargocollective.com,
kberesfordou@archive.org,
bfirleov@pinterest.com,
fattocow@cmu.edu,
pblaxtonox@delicious.com,
adansieoy@privacy.gov,
mgolthorppoz@patch.com,
etrowillp0@pen.io,
mweatherillp1@disqus.com,
ashimonip2@si.edu,
jwilleyp3@microsoft.com,
bmaccoveneyp4@usatoday.com,
sdunningp5@weather.com,
ocriplep6@time.com,
smactavishp7@unicef.org,
hstaynesp8@gov.uk,
dguslonp9@mail.ru,
ewybornpa@seesaa.net,
aioannidispb@forbes.com,
sboscherpc@51.la,
mpuntonpd@discovery.com,
bgirardeype@weibo.com,
medinburoughpf@baidu.com,
sickovicpg@photobucket.com,
roldroydeph@cnet.com,
pjimepi@rediff.com,
mdungeypj@edublogs.org,
lbrandhampk@google.es,
rdurmanpl@pbs.org,
fcecchipm@mit.edu,
bmillgatepn@goo.gl,
wansleypo@state.tx.us,
jklimkowskipp@bloglines.com,
egrigoripq@discuz.net,
vstickleypr@state.gov,
temmanueleps@cnn.com,
nfurzerpt@amazon.de,
ggannonpu@stanford.edu,
lbunneypv@mozilla.com,
memberypw@weather.com,
pruanepx@bigcartel.com,
ileyburnpy@phpbb.com,
ypauleypz@unc.edu,
fflecknellq0@tinypic.com,
eattwaterq1@bluehost.com,
wwoollinq2@techcrunch.com,
kmcleeseq3@studiopress.com,
fdumingoq4@huffingtonpost.com,
gcapelq5@51.la,
hcavieq6@zimbio.com,
cfearnyoughq7@sakura.ne.jp,
kguilaynq8@epa.gov,
cdalbyq9@wix.com,
dpattingsonqa@wsj.com,
dalfordeqb@jigsy.com,
mphilipardqc@xinhuanet.com,
pyeomansqd@cisco.com,
ebroganqe@shop-pro.jp,
jeddieqf@oaic.gov,
gdobbinsonqg@joomla.org,
kswadlinqh@php.net,
pattenburrowqi@biblegateway.com,
mrogerotqj@networkadvertising.org,
vcourtierqk@biblegateway.com,
locuolahanql@addtoany.com,
cgodberqm@ycombinator.com,
mpilkintonqn@dot.gov,
mgiacobboqo@ustream.tv,
dtroilletqp@nytimes.com,
pvaillantqq@reuters.com,
lfermingerqr@arizona.edu,
lrotherhamqs@cargocollective.com,
ratterburyqt@shareasale.com,
btidmasqu@wordpress.org,
spinchbackqv@artisteer.com,
hofinanqw@simplemachines.org,
rporchqx@webs.com,
lgerardinqy@narod.ru,
hyosselevitchqz@fema.gov,
rfairclothr0@businessweek.com,
hmabeyr1@npr.org,
rcavaneyr2@ifeng.com,
bhatchettr3@wordpress.org,
gchampnissr4@auda.org,
cwhytockr5@prweb.com,
akindlesider6@washington.edu,
gsallyr7@arizona.edu,
sshreenanr8@imageshack.us,
ccastror9@t.co,
fivanyutinra@google.fr,
cfeasleyrb@go.com,
ibaptyrc@disqus.com,
gpellamonutenrd@webnode.com,
dthurberre@free.fr,
amaxwellrf@usatoday.com,
lchetwyndrg@wufoo.com,
hendenrh@usda.gov,
jolfertri@cbsnews.com,
staylorj@nydailynews.com,
kchalderrk@cargocollective.com,
lcicccittirl@usa.gov,
jcammomilerm@japanpost.jp,
cvendittorn@cdc.gov,
dpolonro@lycos.com,
pgrovenrp@mtv.com,
ndelahayrq@quantcast.com,
lmighelirr@networksolutions.com,
